Date,Start of Day,Day Name,Year,Start of Month,Quarter,Start of Week,Start of Quarter
01-01-2020,01-01-2020,Wednesday,2020,01-01-2020,1,29-12-2019,01-01-2020
02-01-2020,02-01-2020,Thursday,2020,01-01-2020,1,29-12-2019,01-01-2020
03-01-2020,03-01-2020,Friday,2020,01-01-2020,1,29-12-2019,01-01-2020
04-01-2020,04-01-2020,Saturday,2020,01-01-2020,1,29-12-2019,01-01-2020
05-01-2020,05-01-2020,Sunday,2020,01-01-2020,1,05-01-2020,01-01-2020
06-01-2020,06-01-2020,Monday,2020,01-01-2020,1,05-01-2020,01-01-2020
07-01-2020,07-01-2020,Tuesday,2020,01-01-2020,1,05-01-2020,01-01-2020
08-01-2020,08-01-2020,Wednesday,2020,01-01-2020,1,05-01-2020,01-01-2020
09-01-2020,09-01-2020,Thursday,2020,01-01-2020,1,05-01-2020,01-01-2020
10-01-2020,10-01-2020,Friday,2020,01-01-2020,1,05-01-2020,01-01-2020
11-01-2020,11-01-2020,Saturday,2020,01-01-2020,1,05-01-2020,01-01-2020
12-01-2020,12-01-2020,Sunday,2020,01-01-2020,1,12-01-2020,01-01-2020
13-01-2020,13-01-2020,Monday,2020,01-01-2020,1,12-01-2020,01-01-2020
14-01-2020,14-01-2020,Tuesday,2020,01-01-2020,1,12-01-2020,01-01-2020
15-01-2020,15-01-2020,Wednesday,2020,01-01-2020,1,12-01-2020,01-01-2020
16-01-2020,16-01-2020,Thursday,2020,01-01-2020,1,12-01-2020,01-01-2020
17-01-2020,17-01-2020,Friday,2020,01-01-2020,1,12-01-2020,01-01-2020
18-01-2020,18-01-2020,Saturday,2020,01-01-2020,1,12-01-2020,01-01-2020
19-01-2020,19-01-2020,Sunday,2020,01-01-2020,1,19-01-2020,01-01-2020
20-01-2020,20-01-2020,Monday,2020,01-01-2020,1,19-01-2020,01-01-2020
21-01-2020,21-01-2020,Tuesday,2020,01-01-2020,1,19-01-2020,01-01-2020
22-01-2020,22-01-2020,Wednesday,2020,01-01-2020,1,19-01-2020,01-01-2020
23-01-2020,23-01-2020,Thursday,2020,01-01-2020,1,19-01-2020,01-01-2020
24-01-2020,24-01-2020,Friday,2020,01-01-2020,1,19-01-2020,01-01-2020
25-01-2020,25-01-2020,Saturday,2020,01-01-2020,1,19-01-2020,01-01-2020
26-01-2020,26-01-2020,Sunday,2020,01-01-2020,1,26-01-2020,01-01-2020
27-01-2020,27-01-2020,Monday,2020,01-01-2020,1,26-01-2020,01-01-2020
28-01-2020,28-01-2020,Tuesday,2020,01-01-2020,1,26-01-2020,01-01-2020
29-01-2020,29-01-2020,Wednesday,2020,01-01-2020,1,26-01-2020,01-01-2020
30-01-2020,30-01-2020,Thursday,2020,01-01-2020,1,26-01-2020,01-01-2020
31-01-2020,31-01-2020,Friday,2020,01-01-2020,1,26-01-2020,01-01-2020
01-02-2020,01-02-2020,Saturday,2020,01-02-2020,1,26-01-2020,01-01-2020
02-02-2020,02-02-2020,Sunday,2020,01-02-2020,1,02-02-2020,01-01-2020
03-02-2020,03-02-2020,Monday,2020,01-02-2020,1,02-02-2020,01-01-2020
04-02-2020,04-02-2020,Tuesday,2020,01-02-2020,1,02-02-2020,01-01-2020
05-02-2020,05-02-2020,Wednesday,2020,01-02-2020,1,02-02-2020,01-01-2020
06-02-2020,06-02-2020,Thursday,2020,01-02-2020,1,02-02-2020,01-01-2020
07-02-2020,07-02-2020,Friday,2020,01-02-2020,1,02-02-2020,01-01-2020
08-02-2020,08-02-2020,Saturday,2020,01-02-2020,1,02-02-2020,01-01-2020
09-02-2020,09-02-2020,Sunday,2020,01-02-2020,1,09-02-2020,01-01-2020
10-02-2020,10-02-2020,Monday,2020,01-02-2020,1,09-02-2020,01-01-2020
11-02-2020,11-02-2020,Tuesday,2020,01-02-2020,1,09-02-2020,01-01-2020
12-02-2020,12-02-2020,Wednesday,2020,01-02-2020,1,09-02-2020,01-01-2020
13-02-2020,13-02-2020,Thursday,2020,01-02-2020,1,09-02-2020,01-01-2020
14-02-2020,14-02-2020,Friday,2020,01-02-2020,1,09-02-2020,01-01-2020
15-02-2020,15-02-2020,Saturday,2020,01-02-2020,1,09-02-2020,01-01-2020
16-02-2020,16-02-2020,Sunday,2020,01-02-2020,1,16-02-2020,01-01-2020
17-02-2020,17-02-2020,Monday,2020,01-02-2020,1,16-02-2020,01-01-2020
18-02-2020,18-02-2020,Tuesday,2020,01-02-2020,1,16-02-2020,01-01-2020
19-02-2020,19-02-2020,Wednesday,2020,01-02-2020,1,16-02-2020,01-01-2020
20-02-2020,20-02-2020,Thursday,2020,01-02-2020,1,16-02-2020,01-01-2020
21-02-2020,21-02-2020,Friday,2020,01-02-2020,1,16-02-2020,01-01-2020
22-02-2020,22-02-2020,Saturday,2020,01-02-2020,1,16-02-2020,01-01-2020
23-02-2020,23-02-2020,Sunday,2020,01-02-2020,1,23-02-2020,01-01-2020
24-02-2020,24-02-2020,Monday,2020,01-02-2020,1,23-02-2020,01-01-2020
25-02-2020,25-02-2020,Tuesday,2020,01-02-2020,1,23-02-2020,01-01-2020
26-02-2020,26-02-2020,Wednesday,2020,01-02-2020,1,23-02-2020,01-01-2020
27-02-2020,27-02-2020,Thursday,2020,01-02-2020,1,23-02-2020,01-01-2020
28-02-2020,28-02-2020,Friday,2020,01-02-2020,1,23-02-2020,01-01-2020
29-02-2020,29-02-2020,Saturday,2020,01-02-2020,1,23-02-2020,01-01-2020
01-03-2020,01-03-2020,Sunday,2020,01-03-2020,1,01-03-2020,01-01-2020
02-03-2020,02-03-2020,Monday,2020,01-03-2020,1,01-03-2020,01-01-2020
03-03-2020,03-03-2020,Tuesday,2020,01-03-2020,1,01-03-2020,01-01-2020
04-03-2020,04-03-2020,Wednesday,2020,01-03-2020,1,01-03-2020,01-01-2020
05-03-2020,05-03-2020,Thursday,2020,01-03-2020,1,01-03-2020,01-01-2020
06-03-2020,06-03-2020,Friday,2020,01-03-2020,1,01-03-2020,01-01-2020
07-03-2020,07-03-2020,Saturday,2020,01-03-2020,1,01-03-2020,01-01-2020
08-03-2020,08-03-2020,Sunday,2020,01-03-2020,1,08-03-2020,01-01-2020
09-03-2020,09-03-2020,Monday,2020,01-03-2020,1,08-03-2020,01-01-2020
10-03-2020,10-03-2020,Tuesday,2020,01-03-2020,1,08-03-2020,01-01-2020
11-03-2020,11-03-2020,Wednesday,2020,01-03-2020,1,08-03-2020,01-01-2020
12-03-2020,12-03-2020,Thursday,2020,01-03-2020,1,08-03-2020,01-01-2020
13-03-2020,13-03-2020,Friday,2020,01-03-2020,1,08-03-2020,01-01-2020
14-03-2020,14-03-2020,Saturday,2020,01-03-2020,1,08-03-2020,01-01-2020
15-03-2020,15-03-2020,Sunday,2020,01-03-2020,1,15-03-2020,01-01-2020
16-03-2020,16-03-2020,Monday,2020,01-03-2020,1,15-03-2020,01-01-2020
17-03-2020,17-03-2020,Tuesday,2020,01-03-2020,1,15-03-2020,01-01-2020
18-03-2020,18-03-2020,Wednesday,2020,01-03-2020,1,15-03-2020,01-01-2020
19-03-2020,19-03-2020,Thursday,2020,01-03-2020,1,15-03-2020,01-01-2020
20-03-2020,20-03-2020,Friday,2020,01-03-2020,1,15-03-2020,01-01-2020
21-03-2020,21-03-2020,Saturday,2020,01-03-2020,1,15-03-2020,01-01-2020
22-03-2020,22-03-2020,Sunday,2020,01-03-2020,1,22-03-2020,01-01-2020
23-03-2020,23-03-2020,Monday,2020,01-03-2020,1,22-03-2020,01-01-2020
24-03-2020,24-03-2020,Tuesday,2020,01-03-2020,1,22-03-2020,01-01-2020
25-03-2020,25-03-2020,Wednesday,2020,01-03-2020,1,22-03-2020,01-01-2020
26-03-2020,26-03-2020,Thursday,2020,01-03-2020,1,22-03-2020,01-01-2020
27-03-2020,27-03-2020,Friday,2020,01-03-2020,1,22-03-2020,01-01-2020
28-03-2020,28-03-2020,Saturday,2020,01-03-2020,1,22-03-2020,01-01-2020
29-03-2020,29-03-2020,Sunday,2020,01-03-2020,1,29-03-2020,01-01-2020
30-03-2020,30-03-2020,Monday,2020,01-03-2020,1,29-03-2020,01-01-2020
31-03-2020,31-03-2020,Tuesday,2020,01-03-2020,1,29-03-2020,01-01-2020
01-04-2020,01-04-2020,Wednesday,2020,01-04-2020,2,29-03-2020,01-04-2020
02-04-2020,02-04-2020,Thursday,2020,01-04-2020,2,29-03-2020,01-04-2020
03-04-2020,03-04-2020,Friday,2020,01-04-2020,2,29-03-2020,01-04-2020
04-04-2020,04-04-2020,Saturday,2020,01-04-2020,2,29-03-2020,01-04-2020
05-04-2020,05-04-2020,Sunday,2020,01-04-2020,2,05-04-2020,01-04-2020
06-04-2020,06-04-2020,Monday,2020,01-04-2020,2,05-04-2020,01-04-2020
07-04-2020,07-04-2020,Tuesday,2020,01-04-2020,2,05-04-2020,01-04-2020
08-04-2020,08-04-2020,Wednesday,2020,01-04-2020,2,05-04-2020,01-04-2020
09-04-2020,09-04-2020,Thursday,2020,01-04-2020,2,05-04-2020,01-04-2020
10-04-2020,10-04-2020,Friday,2020,01-04-2020,2,05-04-2020,01-04-2020
11-04-2020,11-04-2020,Saturday,2020,01-04-2020,2,05-04-2020,01-04-2020
12-04-2020,12-04-2020,Sunday,2020,01-04-2020,2,12-04-2020,01-04-2020
13-04-2020,13-04-2020,Monday,2020,01-04-2020,2,12-04-2020,01-04-2020
14-04-2020,14-04-2020,Tuesday,2020,01-04-2020,2,12-04-2020,01-04-2020
15-04-2020,15-04-2020,Wednesday,2020,01-04-2020,2,12-04-2020,01-04-2020
16-04-2020,16-04-2020,Thursday,2020,01-04-2020,2,12-04-2020,01-04-2020
17-04-2020,17-04-2020,Friday,2020,01-04-2020,2,12-04-2020,01-04-2020
18-04-2020,18-04-2020,Saturday,2020,01-04-2020,2,12-04-2020,01-04-2020
19-04-2020,19-04-2020,Sunday,2020,01-04-2020,2,19-04-2020,01-04-2020
20-04-2020,20-04-2020,Monday,2020,01-04-2020,2,19-04-2020,01-04-2020
21-04-2020,21-04-2020,Tuesday,2020,01-04-2020,2,19-04-2020,01-04-2020
22-04-2020,22-04-2020,Wednesday,2020,01-04-2020,2,19-04-2020,01-04-2020
23-04-2020,23-04-2020,Thursday,2020,01-04-2020,2,19-04-2020,01-04-2020
24-04-2020,24-04-2020,Friday,2020,01-04-2020,2,19-04-2020,01-04-2020
25-04-2020,25-04-2020,Saturday,2020,01-04-2020,2,19-04-2020,01-04-2020
26-04-2020,26-04-2020,Sunday,2020,01-04-2020,2,26-04-2020,01-04-2020
27-04-2020,27-04-2020,Monday,2020,01-04-2020,2,26-04-2020,01-04-2020
28-04-2020,28-04-2020,Tuesday,2020,01-04-2020,2,26-04-2020,01-04-2020
29-04-2020,29-04-2020,Wednesday,2020,01-04-2020,2,26-04-2020,01-04-2020
30-04-2020,30-04-2020,Thursday,2020,01-04-2020,2,26-04-2020,01-04-2020
01-05-2020,01-05-2020,Friday,2020,01-05-2020,2,26-04-2020,01-04-2020
02-05-2020,02-05-2020,Saturday,2020,01-05-2020,2,26-04-2020,01-04-2020
03-05-2020,03-05-2020,Sunday,2020,01-05-2020,2,03-05-2020,01-04-2020
04-05-2020,04-05-2020,Monday,2020,01-05-2020,2,03-05-2020,01-04-2020
05-05-2020,05-05-2020,Tuesday,2020,01-05-2020,2,03-05-2020,01-04-2020
06-05-2020,06-05-2020,Wednesday,2020,01-05-2020,2,03-05-2020,01-04-2020
07-05-2020,07-05-2020,Thursday,2020,01-05-2020,2,03-05-2020,01-04-2020
08-05-2020,08-05-2020,Friday,2020,01-05-2020,2,03-05-2020,01-04-2020
09-05-2020,09-05-2020,Saturday,2020,01-05-2020,2,03-05-2020,01-04-2020
10-05-2020,10-05-2020,Sunday,2020,01-05-2020,2,10-05-2020,01-04-2020
11-05-2020,11-05-2020,Monday,2020,01-05-2020,2,10-05-2020,01-04-2020
12-05-2020,12-05-2020,Tuesday,2020,01-05-2020,2,10-05-2020,01-04-2020
13-05-2020,13-05-2020,Wednesday,2020,01-05-2020,2,10-05-2020,01-04-2020
14-05-2020,14-05-2020,Thursday,2020,01-05-2020,2,10-05-2020,01-04-2020
15-05-2020,15-05-2020,Friday,2020,01-05-2020,2,10-05-2020,01-04-2020
16-05-2020,16-05-2020,Saturday,2020,01-05-2020,2,10-05-2020,01-04-2020
17-05-2020,17-05-2020,Sunday,2020,01-05-2020,2,17-05-2020,01-04-2020
18-05-2020,18-05-2020,Monday,2020,01-05-2020,2,17-05-2020,01-04-2020
19-05-2020,19-05-2020,Tuesday,2020,01-05-2020,2,17-05-2020,01-04-2020
20-05-2020,20-05-2020,Wednesday,2020,01-05-2020,2,17-05-2020,01-04-2020
21-05-2020,21-05-2020,Thursday,2020,01-05-2020,2,17-05-2020,01-04-2020
22-05-2020,22-05-2020,Friday,2020,01-05-2020,2,17-05-2020,01-04-2020
23-05-2020,23-05-2020,Saturday,2020,01-05-2020,2,17-05-2020,01-04-2020
24-05-2020,24-05-2020,Sunday,2020,01-05-2020,2,24-05-2020,01-04-2020
25-05-2020,25-05-2020,Monday,2020,01-05-2020,2,24-05-2020,01-04-2020
26-05-2020,26-05-2020,Tuesday,2020,01-05-2020,2,24-05-2020,01-04-2020
27-05-2020,27-05-2020,Wednesday,2020,01-05-2020,2,24-05-2020,01-04-2020
28-05-2020,28-05-2020,Thursday,2020,01-05-2020,2,24-05-2020,01-04-2020
29-05-2020,29-05-2020,Friday,2020,01-05-2020,2,24-05-2020,01-04-2020
30-05-2020,30-05-2020,Saturday,2020,01-05-2020,2,24-05-2020,01-04-2020
31-05-2020,31-05-2020,Sunday,2020,01-05-2020,2,31-05-2020,01-04-2020
01-06-2020,01-06-2020,Monday,2020,01-06-2020,2,31-05-2020,01-04-2020
02-06-2020,02-06-2020,Tuesday,2020,01-06-2020,2,31-05-2020,01-04-2020
03-06-2020,03-06-2020,Wednesday,2020,01-06-2020,2,31-05-2020,01-04-2020
04-06-2020,04-06-2020,Thursday,2020,01-06-2020,2,31-05-2020,01-04-2020
05-06-2020,05-06-2020,Friday,2020,01-06-2020,2,31-05-2020,01-04-2020
06-06-2020,06-06-2020,Saturday,2020,01-06-2020,2,31-05-2020,01-04-2020
07-06-2020,07-06-2020,Sunday,2020,01-06-2020,2,07-06-2020,01-04-2020
08-06-2020,08-06-2020,Monday,2020,01-06-2020,2,07-06-2020,01-04-2020
09-06-2020,09-06-2020,Tuesday,2020,01-06-2020,2,07-06-2020,01-04-2020
10-06-2020,10-06-2020,Wednesday,2020,01-06-2020,2,07-06-2020,01-04-2020
11-06-2020,11-06-2020,Thursday,2020,01-06-2020,2,07-06-2020,01-04-2020
12-06-2020,12-06-2020,Friday,2020,01-06-2020,2,07-06-2020,01-04-2020
13-06-2020,13-06-2020,Saturday,2020,01-06-2020,2,07-06-2020,01-04-2020
14-06-2020,14-06-2020,Sunday,2020,01-06-2020,2,14-06-2020,01-04-2020
15-06-2020,15-06-2020,Monday,2020,01-06-2020,2,14-06-2020,01-04-2020
16-06-2020,16-06-2020,Tuesday,2020,01-06-2020,2,14-06-2020,01-04-2020
17-06-2020,17-06-2020,Wednesday,2020,01-06-2020,2,14-06-2020,01-04-2020
18-06-2020,18-06-2020,Thursday,2020,01-06-2020,2,14-06-2020,01-04-2020
19-06-2020,19-06-2020,Friday,2020,01-06-2020,2,14-06-2020,01-04-2020
20-06-2020,20-06-2020,Saturday,2020,01-06-2020,2,14-06-2020,01-04-2020
21-06-2020,21-06-2020,Sunday,2020,01-06-2020,2,21-06-2020,01-04-2020
22-06-2020,22-06-2020,Monday,2020,01-06-2020,2,21-06-2020,01-04-2020
23-06-2020,23-06-2020,Tuesday,2020,01-06-2020,2,21-06-2020,01-04-2020
24-06-2020,24-06-2020,Wednesday,2020,01-06-2020,2,21-06-2020,01-04-2020
25-06-2020,25-06-2020,Thursday,2020,01-06-2020,2,21-06-2020,01-04-2020
26-06-2020,26-06-2020,Friday,2020,01-06-2020,2,21-06-2020,01-04-2020
27-06-2020,27-06-2020,Saturday,2020,01-06-2020,2,21-06-2020,01-04-2020
28-06-2020,28-06-2020,Sunday,2020,01-06-2020,2,28-06-2020,01-04-2020
29-06-2020,29-06-2020,Monday,2020,01-06-2020,2,28-06-2020,01-04-2020
30-06-2020,30-06-2020,Tuesday,2020,01-06-2020,2,28-06-2020,01-04-2020
01-07-2020,01-07-2020,Wednesday,2020,01-07-2020,3,28-06-2020,01-07-2020
02-07-2020,02-07-2020,Thursday,2020,01-07-2020,3,28-06-2020,01-07-2020
03-07-2020,03-07-2020,Friday,2020,01-07-2020,3,28-06-2020,01-07-2020
04-07-2020,04-07-2020,Saturday,2020,01-07-2020,3,28-06-2020,01-07-2020
05-07-2020,05-07-2020,Sunday,2020,01-07-2020,3,05-07-2020,01-07-2020
06-07-2020,06-07-2020,Monday,2020,01-07-2020,3,05-07-2020,01-07-2020
07-07-2020,07-07-2020,Tuesday,2020,01-07-2020,3,05-07-2020,01-07-2020
08-07-2020,08-07-2020,Wednesday,2020,01-07-2020,3,05-07-2020,01-07-2020
09-07-2020,09-07-2020,Thursday,2020,01-07-2020,3,05-07-2020,01-07-2020
10-07-2020,10-07-2020,Friday,2020,01-07-2020,3,05-07-2020,01-07-2020
11-07-2020,11-07-2020,Saturday,2020,01-07-2020,3,05-07-2020,01-07-2020
12-07-2020,12-07-2020,Sunday,2020,01-07-2020,3,12-07-2020,01-07-2020
13-07-2020,13-07-2020,Monday,2020,01-07-2020,3,12-07-2020,01-07-2020
14-07-2020,14-07-2020,Tuesday,2020,01-07-2020,3,12-07-2020,01-07-2020
15-07-2020,15-07-2020,Wednesday,2020,01-07-2020,3,12-07-2020,01-07-2020
16-07-2020,16-07-2020,Thursday,2020,01-07-2020,3,12-07-2020,01-07-2020
17-07-2020,17-07-2020,Friday,2020,01-07-2020,3,12-07-2020,01-07-2020
18-07-2020,18-07-2020,Saturday,2020,01-07-2020,3,12-07-2020,01-07-2020
19-07-2020,19-07-2020,Sunday,2020,01-07-2020,3,19-07-2020,01-07-2020
20-07-2020,20-07-2020,Monday,2020,01-07-2020,3,19-07-2020,01-07-2020
21-07-2020,21-07-2020,Tuesday,2020,01-07-2020,3,19-07-2020,01-07-2020
22-07-2020,22-07-2020,Wednesday,2020,01-07-2020,3,19-07-2020,01-07-2020
23-07-2020,23-07-2020,Thursday,2020,01-07-2020,3,19-07-2020,01-07-2020
24-07-2020,24-07-2020,Friday,2020,01-07-2020,3,19-07-2020,01-07-2020
25-07-2020,25-07-2020,Saturday,2020,01-07-2020,3,19-07-2020,01-07-2020
26-07-2020,26-07-2020,Sunday,2020,01-07-2020,3,26-07-2020,01-07-2020
27-07-2020,27-07-2020,Monday,2020,01-07-2020,3,26-07-2020,01-07-2020
28-07-2020,28-07-2020,Tuesday,2020,01-07-2020,3,26-07-2020,01-07-2020
29-07-2020,29-07-2020,Wednesday,2020,01-07-2020,3,26-07-2020,01-07-2020
30-07-2020,30-07-2020,Thursday,2020,01-07-2020,3,26-07-2020,01-07-2020
31-07-2020,31-07-2020,Friday,2020,01-07-2020,3,26-07-2020,01-07-2020
01-08-2020,01-08-2020,Saturday,2020,01-08-2020,3,26-07-2020,01-07-2020
02-08-2020,02-08-2020,Sunday,2020,01-08-2020,3,02-08-2020,01-07-2020
03-08-2020,03-08-2020,Monday,2020,01-08-2020,3,02-08-2020,01-07-2020
04-08-2020,04-08-2020,Tuesday,2020,01-08-2020,3,02-08-2020,01-07-2020
05-08-2020,05-08-2020,Wednesday,2020,01-08-2020,3,02-08-2020,01-07-2020
06-08-2020,06-08-2020,Thursday,2020,01-08-2020,3,02-08-2020,01-07-2020
07-08-2020,07-08-2020,Friday,2020,01-08-2020,3,02-08-2020,01-07-2020
08-08-2020,08-08-2020,Saturday,2020,01-08-2020,3,02-08-2020,01-07-2020
09-08-2020,09-08-2020,Sunday,2020,01-08-2020,3,09-08-2020,01-07-2020
10-08-2020,10-08-2020,Monday,2020,01-08-2020,3,09-08-2020,01-07-2020
11-08-2020,11-08-2020,Tuesday,2020,01-08-2020,3,09-08-2020,01-07-2020
12-08-2020,12-08-2020,Wednesday,2020,01-08-2020,3,09-08-2020,01-07-2020
13-08-2020,13-08-2020,Thursday,2020,01-08-2020,3,09-08-2020,01-07-2020
14-08-2020,14-08-2020,Friday,2020,01-08-2020,3,09-08-2020,01-07-2020
15-08-2020,15-08-2020,Saturday,2020,01-08-2020,3,09-08-2020,01-07-2020
16-08-2020,16-08-2020,Sunday,2020,01-08-2020,3,16-08-2020,01-07-2020
17-08-2020,17-08-2020,Monday,2020,01-08-2020,3,16-08-2020,01-07-2020
18-08-2020,18-08-2020,Tuesday,2020,01-08-2020,3,16-08-2020,01-07-2020
19-08-2020,19-08-2020,Wednesday,2020,01-08-2020,3,16-08-2020,01-07-2020
20-08-2020,20-08-2020,Thursday,2020,01-08-2020,3,16-08-2020,01-07-2020
21-08-2020,21-08-2020,Friday,2020,01-08-2020,3,16-08-2020,01-07-2020
22-08-2020,22-08-2020,Saturday,2020,01-08-2020,3,16-08-2020,01-07-2020
23-08-2020,23-08-2020,Sunday,2020,01-08-2020,3,23-08-2020,01-07-2020
24-08-2020,24-08-2020,Monday,2020,01-08-2020,3,23-08-2020,01-07-2020
25-08-2020,25-08-2020,Tuesday,2020,01-08-2020,3,23-08-2020,01-07-2020
26-08-2020,26-08-2020,Wednesday,2020,01-08-2020,3,23-08-2020,01-07-2020
27-08-2020,27-08-2020,Thursday,2020,01-08-2020,3,23-08-2020,01-07-2020
28-08-2020,28-08-2020,Friday,2020,01-08-2020,3,23-08-2020,01-07-2020
29-08-2020,29-08-2020,Saturday,2020,01-08-2020,3,23-08-2020,01-07-2020
30-08-2020,30-08-2020,Sunday,2020,01-08-2020,3,30-08-2020,01-07-2020
31-08-2020,31-08-2020,Monday,2020,01-08-2020,3,30-08-2020,01-07-2020
01-09-2020,01-09-2020,Tuesday,2020,01-09-2020,3,30-08-2020,01-07-2020
02-09-2020,02-09-2020,Wednesday,2020,01-09-2020,3,30-08-2020,01-07-2020
03-09-2020,03-09-2020,Thursday,2020,01-09-2020,3,30-08-2020,01-07-2020
04-09-2020,04-09-2020,Friday,2020,01-09-2020,3,30-08-2020,01-07-2020
05-09-2020,05-09-2020,Saturday,2020,01-09-2020,3,30-08-2020,01-07-2020
06-09-2020,06-09-2020,Sunday,2020,01-09-2020,3,06-09-2020,01-07-2020
07-09-2020,07-09-2020,Monday,2020,01-09-2020,3,06-09-2020,01-07-2020
08-09-2020,08-09-2020,Tuesday,2020,01-09-2020,3,06-09-2020,01-07-2020
09-09-2020,09-09-2020,Wednesday,2020,01-09-2020,3,06-09-2020,01-07-2020
10-09-2020,10-09-2020,Thursday,2020,01-09-2020,3,06-09-2020,01-07-2020
11-09-2020,11-09-2020,Friday,2020,01-09-2020,3,06-09-2020,01-07-2020
12-09-2020,12-09-2020,Saturday,2020,01-09-2020,3,06-09-2020,01-07-2020
13-09-2020,13-09-2020,Sunday,2020,01-09-2020,3,13-09-2020,01-07-2020
14-09-2020,14-09-2020,Monday,2020,01-09-2020,3,13-09-2020,01-07-2020
15-09-2020,15-09-2020,Tuesday,2020,01-09-2020,3,13-09-2020,01-07-2020
16-09-2020,16-09-2020,Wednesday,2020,01-09-2020,3,13-09-2020,01-07-2020
17-09-2020,17-09-2020,Thursday,2020,01-09-2020,3,13-09-2020,01-07-2020
18-09-2020,18-09-2020,Friday,2020,01-09-2020,3,13-09-2020,01-07-2020
19-09-2020,19-09-2020,Saturday,2020,01-09-2020,3,13-09-2020,01-07-2020
20-09-2020,20-09-2020,Sunday,2020,01-09-2020,3,20-09-2020,01-07-2020
21-09-2020,21-09-2020,Monday,2020,01-09-2020,3,20-09-2020,01-07-2020
22-09-2020,22-09-2020,Tuesday,2020,01-09-2020,3,20-09-2020,01-07-2020
23-09-2020,23-09-2020,Wednesday,2020,01-09-2020,3,20-09-2020,01-07-2020
24-09-2020,24-09-2020,Thursday,2020,01-09-2020,3,20-09-2020,01-07-2020
25-09-2020,25-09-2020,Friday,2020,01-09-2020,3,20-09-2020,01-07-2020
26-09-2020,26-09-2020,Saturday,2020,01-09-2020,3,20-09-2020,01-07-2020
27-09-2020,27-09-2020,Sunday,2020,01-09-2020,3,27-09-2020,01-07-2020
28-09-2020,28-09-2020,Monday,2020,01-09-2020,3,27-09-2020,01-07-2020
29-09-2020,29-09-2020,Tuesday,2020,01-09-2020,3,27-09-2020,01-07-2020
30-09-2020,30-09-2020,Wednesday,2020,01-09-2020,3,27-09-2020,01-07-2020
01-10-2020,01-10-2020,Thursday,2020,01-10-2020,4,27-09-2020,01-10-2020
02-10-2020,02-10-2020,Friday,2020,01-10-2020,4,27-09-2020,01-10-2020
03-10-2020,03-10-2020,Saturday,2020,01-10-2020,4,27-09-2020,01-10-2020
04-10-2020,04-10-2020,Sunday,2020,01-10-2020,4,04-10-2020,01-10-2020
05-10-2020,05-10-2020,Monday,2020,01-10-2020,4,04-10-2020,01-10-2020
06-10-2020,06-10-2020,Tuesday,2020,01-10-2020,4,04-10-2020,01-10-2020
07-10-2020,07-10-2020,Wednesday,2020,01-10-2020,4,04-10-2020,01-10-2020
08-10-2020,08-10-2020,Thursday,2020,01-10-2020,4,04-10-2020,01-10-2020
09-10-2020,09-10-2020,Friday,2020,01-10-2020,4,04-10-2020,01-10-2020
10-10-2020,10-10-2020,Saturday,2020,01-10-2020,4,04-10-2020,01-10-2020
11-10-2020,11-10-2020,Sunday,2020,01-10-2020,4,11-10-2020,01-10-2020
12-10-2020,12-10-2020,Monday,2020,01-10-2020,4,11-10-2020,01-10-2020
13-10-2020,13-10-2020,Tuesday,2020,01-10-2020,4,11-10-2020,01-10-2020
14-10-2020,14-10-2020,Wednesday,2020,01-10-2020,4,11-10-2020,01-10-2020
15-10-2020,15-10-2020,Thursday,2020,01-10-2020,4,11-10-2020,01-10-2020
16-10-2020,16-10-2020,Friday,2020,01-10-2020,4,11-10-2020,01-10-2020
17-10-2020,17-10-2020,Saturday,2020,01-10-2020,4,11-10-2020,01-10-2020
18-10-2020,18-10-2020,Sunday,2020,01-10-2020,4,18-10-2020,01-10-2020
19-10-2020,19-10-2020,Monday,2020,01-10-2020,4,18-10-2020,01-10-2020
20-10-2020,20-10-2020,Tuesday,2020,01-10-2020,4,18-10-2020,01-10-2020
21-10-2020,21-10-2020,Wednesday,2020,01-10-2020,4,18-10-2020,01-10-2020
22-10-2020,22-10-2020,Thursday,2020,01-10-2020,4,18-10-2020,01-10-2020
23-10-2020,23-10-2020,Friday,2020,01-10-2020,4,18-10-2020,01-10-2020
24-10-2020,24-10-2020,Saturday,2020,01-10-2020,4,18-10-2020,01-10-2020
25-10-2020,25-10-2020,Sunday,2020,01-10-2020,4,25-10-2020,01-10-2020
26-10-2020,26-10-2020,Monday,2020,01-10-2020,4,25-10-2020,01-10-2020
27-10-2020,27-10-2020,Tuesday,2020,01-10-2020,4,25-10-2020,01-10-2020
28-10-2020,28-10-2020,Wednesday,2020,01-10-2020,4,25-10-2020,01-10-2020
29-10-2020,29-10-2020,Thursday,2020,01-10-2020,4,25-10-2020,01-10-2020
30-10-2020,30-10-2020,Friday,2020,01-10-2020,4,25-10-2020,01-10-2020
31-10-2020,31-10-2020,Saturday,2020,01-10-2020,4,25-10-2020,01-10-2020
01-11-2020,01-11-2020,Sunday,2020,01-11-2020,4,01-11-2020,01-10-2020
02-11-2020,02-11-2020,Monday,2020,01-11-2020,4,01-11-2020,01-10-2020
03-11-2020,03-11-2020,Tuesday,2020,01-11-2020,4,01-11-2020,01-10-2020
04-11-2020,04-11-2020,Wednesday,2020,01-11-2020,4,01-11-2020,01-10-2020
05-11-2020,05-11-2020,Thursday,2020,01-11-2020,4,01-11-2020,01-10-2020
06-11-2020,06-11-2020,Friday,2020,01-11-2020,4,01-11-2020,01-10-2020
07-11-2020,07-11-2020,Saturday,2020,01-11-2020,4,01-11-2020,01-10-2020
08-11-2020,08-11-2020,Sunday,2020,01-11-2020,4,08-11-2020,01-10-2020
09-11-2020,09-11-2020,Monday,2020,01-11-2020,4,08-11-2020,01-10-2020
10-11-2020,10-11-2020,Tuesday,2020,01-11-2020,4,08-11-2020,01-10-2020
11-11-2020,11-11-2020,Wednesday,2020,01-11-2020,4,08-11-2020,01-10-2020
12-11-2020,12-11-2020,Thursday,2020,01-11-2020,4,08-11-2020,01-10-2020
13-11-2020,13-11-2020,Friday,2020,01-11-2020,4,08-11-2020,01-10-2020
14-11-2020,14-11-2020,Saturday,2020,01-11-2020,4,08-11-2020,01-10-2020
15-11-2020,15-11-2020,Sunday,2020,01-11-2020,4,15-11-2020,01-10-2020
16-11-2020,16-11-2020,Monday,2020,01-11-2020,4,15-11-2020,01-10-2020
17-11-2020,17-11-2020,Tuesday,2020,01-11-2020,4,15-11-2020,01-10-2020
18-11-2020,18-11-2020,Wednesday,2020,01-11-2020,4,15-11-2020,01-10-2020
19-11-2020,19-11-2020,Thursday,2020,01-11-2020,4,15-11-2020,01-10-2020
20-11-2020,20-11-2020,Friday,2020,01-11-2020,4,15-11-2020,01-10-2020
21-11-2020,21-11-2020,Saturday,2020,01-11-2020,4,15-11-2020,01-10-2020
22-11-2020,22-11-2020,Sunday,2020,01-11-2020,4,22-11-2020,01-10-2020
23-11-2020,23-11-2020,Monday,2020,01-11-2020,4,22-11-2020,01-10-2020
24-11-2020,24-11-2020,Tuesday,2020,01-11-2020,4,22-11-2020,01-10-2020
25-11-2020,25-11-2020,Wednesday,2020,01-11-2020,4,22-11-2020,01-10-2020
26-11-2020,26-11-2020,Thursday,2020,01-11-2020,4,22-11-2020,01-10-2020
27-11-2020,27-11-2020,Friday,2020,01-11-2020,4,22-11-2020,01-10-2020
28-11-2020,28-11-2020,Saturday,2020,01-11-2020,4,22-11-2020,01-10-2020
29-11-2020,29-11-2020,Sunday,2020,01-11-2020,4,29-11-2020,01-10-2020
30-11-2020,30-11-2020,Monday,2020,01-11-2020,4,29-11-2020,01-10-2020
01-12-2020,01-12-2020,Tuesday,2020,01-12-2020,4,29-11-2020,01-10-2020
02-12-2020,02-12-2020,Wednesday,2020,01-12-2020,4,29-11-2020,01-10-2020
03-12-2020,03-12-2020,Thursday,2020,01-12-2020,4,29-11-2020,01-10-2020
04-12-2020,04-12-2020,Friday,2020,01-12-2020,4,29-11-2020,01-10-2020
05-12-2020,05-12-2020,Saturday,2020,01-12-2020,4,29-11-2020,01-10-2020
06-12-2020,06-12-2020,Sunday,2020,01-12-2020,4,06-12-2020,01-10-2020
07-12-2020,07-12-2020,Monday,2020,01-12-2020,4,06-12-2020,01-10-2020
08-12-2020,08-12-2020,Tuesday,2020,01-12-2020,4,06-12-2020,01-10-2020
09-12-2020,09-12-2020,Wednesday,2020,01-12-2020,4,06-12-2020,01-10-2020
10-12-2020,10-12-2020,Thursday,2020,01-12-2020,4,06-12-2020,01-10-2020
11-12-2020,11-12-2020,Friday,2020,01-12-2020,4,06-12-2020,01-10-2020
12-12-2020,12-12-2020,Saturday,2020,01-12-2020,4,06-12-2020,01-10-2020
13-12-2020,13-12-2020,Sunday,2020,01-12-2020,4,13-12-2020,01-10-2020
14-12-2020,14-12-2020,Monday,2020,01-12-2020,4,13-12-2020,01-10-2020
15-12-2020,15-12-2020,Tuesday,2020,01-12-2020,4,13-12-2020,01-10-2020
16-12-2020,16-12-2020,Wednesday,2020,01-12-2020,4,13-12-2020,01-10-2020
17-12-2020,17-12-2020,Thursday,2020,01-12-2020,4,13-12-2020,01-10-2020
18-12-2020,18-12-2020,Friday,2020,01-12-2020,4,13-12-2020,01-10-2020
19-12-2020,19-12-2020,Saturday,2020,01-12-2020,4,13-12-2020,01-10-2020
20-12-2020,20-12-2020,Sunday,2020,01-12-2020,4,20-12-2020,01-10-2020
21-12-2020,21-12-2020,Monday,2020,01-12-2020,4,20-12-2020,01-10-2020
22-12-2020,22-12-2020,Tuesday,2020,01-12-2020,4,20-12-2020,01-10-2020
23-12-2020,23-12-2020,Wednesday,2020,01-12-2020,4,20-12-2020,01-10-2020
24-12-2020,24-12-2020,Thursday,2020,01-12-2020,4,20-12-2020,01-10-2020
25-12-2020,25-12-2020,Friday,2020,01-12-2020,4,20-12-2020,01-10-2020
26-12-2020,26-12-2020,Saturday,2020,01-12-2020,4,20-12-2020,01-10-2020
27-12-2020,27-12-2020,Sunday,2020,01-12-2020,4,27-12-2020,01-10-2020
28-12-2020,28-12-2020,Monday,2020,01-12-2020,4,27-12-2020,01-10-2020
29-12-2020,29-12-2020,Tuesday,2020,01-12-2020,4,27-12-2020,01-10-2020
30-12-2020,30-12-2020,Wednesday,2020,01-12-2020,4,27-12-2020,01-10-2020
31-12-2020,31-12-2020,Thursday,2020,01-12-2020,4,27-12-2020,01-10-2020
01-01-2021,01-01-2021,Friday,2021,01-01-2021,1,27-12-2020,01-01-2021
02-01-2021,02-01-2021,Saturday,2021,01-01-2021,1,27-12-2020,01-01-2021
03-01-2021,03-01-2021,Sunday,2021,01-01-2021,1,03-01-2021,01-01-2021
04-01-2021,04-01-2021,Monday,2021,01-01-2021,1,03-01-2021,01-01-2021
05-01-2021,05-01-2021,Tuesday,2021,01-01-2021,1,03-01-2021,01-01-2021
06-01-2021,06-01-2021,Wednesday,2021,01-01-2021,1,03-01-2021,01-01-2021
07-01-2021,07-01-2021,Thursday,2021,01-01-2021,1,03-01-2021,01-01-2021
08-01-2021,08-01-2021,Friday,2021,01-01-2021,1,03-01-2021,01-01-2021
09-01-2021,09-01-2021,Saturday,2021,01-01-2021,1,03-01-2021,01-01-2021
10-01-2021,10-01-2021,Sunday,2021,01-01-2021,1,10-01-2021,01-01-2021
11-01-2021,11-01-2021,Monday,2021,01-01-2021,1,10-01-2021,01-01-2021
12-01-2021,12-01-2021,Tuesday,2021,01-01-2021,1,10-01-2021,01-01-2021
13-01-2021,13-01-2021,Wednesday,2021,01-01-2021,1,10-01-2021,01-01-2021
14-01-2021,14-01-2021,Thursday,2021,01-01-2021,1,10-01-2021,01-01-2021
15-01-2021,15-01-2021,Friday,2021,01-01-2021,1,10-01-2021,01-01-2021
16-01-2021,16-01-2021,Saturday,2021,01-01-2021,1,10-01-2021,01-01-2021
17-01-2021,17-01-2021,Sunday,2021,01-01-2021,1,17-01-2021,01-01-2021
18-01-2021,18-01-2021,Monday,2021,01-01-2021,1,17-01-2021,01-01-2021
19-01-2021,19-01-2021,Tuesday,2021,01-01-2021,1,17-01-2021,01-01-2021
20-01-2021,20-01-2021,Wednesday,2021,01-01-2021,1,17-01-2021,01-01-2021
21-01-2021,21-01-2021,Thursday,2021,01-01-2021,1,17-01-2021,01-01-2021
22-01-2021,22-01-2021,Friday,2021,01-01-2021,1,17-01-2021,01-01-2021
23-01-2021,23-01-2021,Saturday,2021,01-01-2021,1,17-01-2021,01-01-2021
24-01-2021,24-01-2021,Sunday,2021,01-01-2021,1,24-01-2021,01-01-2021
25-01-2021,25-01-2021,Monday,2021,01-01-2021,1,24-01-2021,01-01-2021
26-01-2021,26-01-2021,Tuesday,2021,01-01-2021,1,24-01-2021,01-01-2021
27-01-2021,27-01-2021,Wednesday,2021,01-01-2021,1,24-01-2021,01-01-2021
28-01-2021,28-01-2021,Thursday,2021,01-01-2021,1,24-01-2021,01-01-2021
29-01-2021,29-01-2021,Friday,2021,01-01-2021,1,24-01-2021,01-01-2021
30-01-2021,30-01-2021,Saturday,2021,01-01-2021,1,24-01-2021,01-01-2021
31-01-2021,31-01-2021,Sunday,2021,01-01-2021,1,31-01-2021,01-01-2021
01-02-2021,01-02-2021,Monday,2021,01-02-2021,1,31-01-2021,01-01-2021
02-02-2021,02-02-2021,Tuesday,2021,01-02-2021,1,31-01-2021,01-01-2021
03-02-2021,03-02-2021,Wednesday,2021,01-02-2021,1,31-01-2021,01-01-2021
04-02-2021,04-02-2021,Thursday,2021,01-02-2021,1,31-01-2021,01-01-2021
05-02-2021,05-02-2021,Friday,2021,01-02-2021,1,31-01-2021,01-01-2021
06-02-2021,06-02-2021,Saturday,2021,01-02-2021,1,31-01-2021,01-01-2021
07-02-2021,07-02-2021,Sunday,2021,01-02-2021,1,07-02-2021,01-01-2021
08-02-2021,08-02-2021,Monday,2021,01-02-2021,1,07-02-2021,01-01-2021
09-02-2021,09-02-2021,Tuesday,2021,01-02-2021,1,07-02-2021,01-01-2021
10-02-2021,10-02-2021,Wednesday,2021,01-02-2021,1,07-02-2021,01-01-2021
11-02-2021,11-02-2021,Thursday,2021,01-02-2021,1,07-02-2021,01-01-2021
12-02-2021,12-02-2021,Friday,2021,01-02-2021,1,07-02-2021,01-01-2021
13-02-2021,13-02-2021,Saturday,2021,01-02-2021,1,07-02-2021,01-01-2021
14-02-2021,14-02-2021,Sunday,2021,01-02-2021,1,14-02-2021,01-01-2021
15-02-2021,15-02-2021,Monday,2021,01-02-2021,1,14-02-2021,01-01-2021
16-02-2021,16-02-2021,Tuesday,2021,01-02-2021,1,14-02-2021,01-01-2021
17-02-2021,17-02-2021,Wednesday,2021,01-02-2021,1,14-02-2021,01-01-2021
18-02-2021,18-02-2021,Thursday,2021,01-02-2021,1,14-02-2021,01-01-2021
19-02-2021,19-02-2021,Friday,2021,01-02-2021,1,14-02-2021,01-01-2021
20-02-2021,20-02-2021,Saturday,2021,01-02-2021,1,14-02-2021,01-01-2021
21-02-2021,21-02-2021,Sunday,2021,01-02-2021,1,21-02-2021,01-01-2021
22-02-2021,22-02-2021,Monday,2021,01-02-2021,1,21-02-2021,01-01-2021
23-02-2021,23-02-2021,Tuesday,2021,01-02-2021,1,21-02-2021,01-01-2021
24-02-2021,24-02-2021,Wednesday,2021,01-02-2021,1,21-02-2021,01-01-2021
25-02-2021,25-02-2021,Thursday,2021,01-02-2021,1,21-02-2021,01-01-2021
26-02-2021,26-02-2021,Friday,2021,01-02-2021,1,21-02-2021,01-01-2021
27-02-2021,27-02-2021,Saturday,2021,01-02-2021,1,21-02-2021,01-01-2021
28-02-2021,28-02-2021,Sunday,2021,01-02-2021,1,28-02-2021,01-01-2021
01-03-2021,01-03-2021,Monday,2021,01-03-2021,1,28-02-2021,01-01-2021
02-03-2021,02-03-2021,Tuesday,2021,01-03-2021,1,28-02-2021,01-01-2021
03-03-2021,03-03-2021,Wednesday,2021,01-03-2021,1,28-02-2021,01-01-2021
04-03-2021,04-03-2021,Thursday,2021,01-03-2021,1,28-02-2021,01-01-2021
05-03-2021,05-03-2021,Friday,2021,01-03-2021,1,28-02-2021,01-01-2021
06-03-2021,06-03-2021,Saturday,2021,01-03-2021,1,28-02-2021,01-01-2021
07-03-2021,07-03-2021,Sunday,2021,01-03-2021,1,07-03-2021,01-01-2021
08-03-2021,08-03-2021,Monday,2021,01-03-2021,1,07-03-2021,01-01-2021
09-03-2021,09-03-2021,Tuesday,2021,01-03-2021,1,07-03-2021,01-01-2021
10-03-2021,10-03-2021,Wednesday,2021,01-03-2021,1,07-03-2021,01-01-2021
11-03-2021,11-03-2021,Thursday,2021,01-03-2021,1,07-03-2021,01-01-2021
12-03-2021,12-03-2021,Friday,2021,01-03-2021,1,07-03-2021,01-01-2021
13-03-2021,13-03-2021,Saturday,2021,01-03-2021,1,07-03-2021,01-01-2021
14-03-2021,14-03-2021,Sunday,2021,01-03-2021,1,14-03-2021,01-01-2021
15-03-2021,15-03-2021,Monday,2021,01-03-2021,1,14-03-2021,01-01-2021
16-03-2021,16-03-2021,Tuesday,2021,01-03-2021,1,14-03-2021,01-01-2021
17-03-2021,17-03-2021,Wednesday,2021,01-03-2021,1,14-03-2021,01-01-2021
18-03-2021,18-03-2021,Thursday,2021,01-03-2021,1,14-03-2021,01-01-2021
19-03-2021,19-03-2021,Friday,2021,01-03-2021,1,14-03-2021,01-01-2021
20-03-2021,20-03-2021,Saturday,2021,01-03-2021,1,14-03-2021,01-01-2021
21-03-2021,21-03-2021,Sunday,2021,01-03-2021,1,21-03-2021,01-01-2021
22-03-2021,22-03-2021,Monday,2021,01-03-2021,1,21-03-2021,01-01-2021
23-03-2021,23-03-2021,Tuesday,2021,01-03-2021,1,21-03-2021,01-01-2021
24-03-2021,24-03-2021,Wednesday,2021,01-03-2021,1,21-03-2021,01-01-2021
25-03-2021,25-03-2021,Thursday,2021,01-03-2021,1,21-03-2021,01-01-2021
26-03-2021,26-03-2021,Friday,2021,01-03-2021,1,21-03-2021,01-01-2021
27-03-2021,27-03-2021,Saturday,2021,01-03-2021,1,21-03-2021,01-01-2021
28-03-2021,28-03-2021,Sunday,2021,01-03-2021,1,28-03-2021,01-01-2021
29-03-2021,29-03-2021,Monday,2021,01-03-2021,1,28-03-2021,01-01-2021
30-03-2021,30-03-2021,Tuesday,2021,01-03-2021,1,28-03-2021,01-01-2021
31-03-2021,31-03-2021,Wednesday,2021,01-03-2021,1,28-03-2021,01-01-2021
01-04-2021,01-04-2021,Thursday,2021,01-04-2021,2,28-03-2021,01-04-2021
02-04-2021,02-04-2021,Friday,2021,01-04-2021,2,28-03-2021,01-04-2021
03-04-2021,03-04-2021,Saturday,2021,01-04-2021,2,28-03-2021,01-04-2021
04-04-2021,04-04-2021,Sunday,2021,01-04-2021,2,04-04-2021,01-04-2021
05-04-2021,05-04-2021,Monday,2021,01-04-2021,2,04-04-2021,01-04-2021
06-04-2021,06-04-2021,Tuesday,2021,01-04-2021,2,04-04-2021,01-04-2021
07-04-2021,07-04-2021,Wednesday,2021,01-04-2021,2,04-04-2021,01-04-2021
08-04-2021,08-04-2021,Thursday,2021,01-04-2021,2,04-04-2021,01-04-2021
09-04-2021,09-04-2021,Friday,2021,01-04-2021,2,04-04-2021,01-04-2021
10-04-2021,10-04-2021,Saturday,2021,01-04-2021,2,04-04-2021,01-04-2021
11-04-2021,11-04-2021,Sunday,2021,01-04-2021,2,11-04-2021,01-04-2021
12-04-2021,12-04-2021,Monday,2021,01-04-2021,2,11-04-2021,01-04-2021
13-04-2021,13-04-2021,Tuesday,2021,01-04-2021,2,11-04-2021,01-04-2021
14-04-2021,14-04-2021,Wednesday,2021,01-04-2021,2,11-04-2021,01-04-2021
15-04-2021,15-04-2021,Thursday,2021,01-04-2021,2,11-04-2021,01-04-2021
16-04-2021,16-04-2021,Friday,2021,01-04-2021,2,11-04-2021,01-04-2021
17-04-2021,17-04-2021,Saturday,2021,01-04-2021,2,11-04-2021,01-04-2021
18-04-2021,18-04-2021,Sunday,2021,01-04-2021,2,18-04-2021,01-04-2021
19-04-2021,19-04-2021,Monday,2021,01-04-2021,2,18-04-2021,01-04-2021
20-04-2021,20-04-2021,Tuesday,2021,01-04-2021,2,18-04-2021,01-04-2021
21-04-2021,21-04-2021,Wednesday,2021,01-04-2021,2,18-04-2021,01-04-2021
22-04-2021,22-04-2021,Thursday,2021,01-04-2021,2,18-04-2021,01-04-2021
23-04-2021,23-04-2021,Friday,2021,01-04-2021,2,18-04-2021,01-04-2021
24-04-2021,24-04-2021,Saturday,2021,01-04-2021,2,18-04-2021,01-04-2021
25-04-2021,25-04-2021,Sunday,2021,01-04-2021,2,25-04-2021,01-04-2021
26-04-2021,26-04-2021,Monday,2021,01-04-2021,2,25-04-2021,01-04-2021
27-04-2021,27-04-2021,Tuesday,2021,01-04-2021,2,25-04-2021,01-04-2021
28-04-2021,28-04-2021,Wednesday,2021,01-04-2021,2,25-04-2021,01-04-2021
29-04-2021,29-04-2021,Thursday,2021,01-04-2021,2,25-04-2021,01-04-2021
30-04-2021,30-04-2021,Friday,2021,01-04-2021,2,25-04-2021,01-04-2021
01-05-2021,01-05-2021,Saturday,2021,01-05-2021,2,25-04-2021,01-04-2021
02-05-2021,02-05-2021,Sunday,2021,01-05-2021,2,02-05-2021,01-04-2021
03-05-2021,03-05-2021,Monday,2021,01-05-2021,2,02-05-2021,01-04-2021
04-05-2021,04-05-2021,Tuesday,2021,01-05-2021,2,02-05-2021,01-04-2021
05-05-2021,05-05-2021,Wednesday,2021,01-05-2021,2,02-05-2021,01-04-2021
06-05-2021,06-05-2021,Thursday,2021,01-05-2021,2,02-05-2021,01-04-2021
07-05-2021,07-05-2021,Friday,2021,01-05-2021,2,02-05-2021,01-04-2021
08-05-2021,08-05-2021,Saturday,2021,01-05-2021,2,02-05-2021,01-04-2021
09-05-2021,09-05-2021,Sunday,2021,01-05-2021,2,09-05-2021,01-04-2021
10-05-2021,10-05-2021,Monday,2021,01-05-2021,2,09-05-2021,01-04-2021
11-05-2021,11-05-2021,Tuesday,2021,01-05-2021,2,09-05-2021,01-04-2021
12-05-2021,12-05-2021,Wednesday,2021,01-05-2021,2,09-05-2021,01-04-2021
13-05-2021,13-05-2021,Thursday,2021,01-05-2021,2,09-05-2021,01-04-2021
14-05-2021,14-05-2021,Friday,2021,01-05-2021,2,09-05-2021,01-04-2021
15-05-2021,15-05-2021,Saturday,2021,01-05-2021,2,09-05-2021,01-04-2021
16-05-2021,16-05-2021,Sunday,2021,01-05-2021,2,16-05-2021,01-04-2021
17-05-2021,17-05-2021,Monday,2021,01-05-2021,2,16-05-2021,01-04-2021
18-05-2021,18-05-2021,Tuesday,2021,01-05-2021,2,16-05-2021,01-04-2021
19-05-2021,19-05-2021,Wednesday,2021,01-05-2021,2,16-05-2021,01-04-2021
20-05-2021,20-05-2021,Thursday,2021,01-05-2021,2,16-05-2021,01-04-2021
21-05-2021,21-05-2021,Friday,2021,01-05-2021,2,16-05-2021,01-04-2021
22-05-2021,22-05-2021,Saturday,2021,01-05-2021,2,16-05-2021,01-04-2021
23-05-2021,23-05-2021,Sunday,2021,01-05-2021,2,23-05-2021,01-04-2021
24-05-2021,24-05-2021,Monday,2021,01-05-2021,2,23-05-2021,01-04-2021
25-05-2021,25-05-2021,Tuesday,2021,01-05-2021,2,23-05-2021,01-04-2021
26-05-2021,26-05-2021,Wednesday,2021,01-05-2021,2,23-05-2021,01-04-2021
27-05-2021,27-05-2021,Thursday,2021,01-05-2021,2,23-05-2021,01-04-2021
28-05-2021,28-05-2021,Friday,2021,01-05-2021,2,23-05-2021,01-04-2021
29-05-2021,29-05-2021,Saturday,2021,01-05-2021,2,23-05-2021,01-04-2021
30-05-2021,30-05-2021,Sunday,2021,01-05-2021,2,30-05-2021,01-04-2021
31-05-2021,31-05-2021,Monday,2021,01-05-2021,2,30-05-2021,01-04-2021
01-06-2021,01-06-2021,Tuesday,2021,01-06-2021,2,30-05-2021,01-04-2021
02-06-2021,02-06-2021,Wednesday,2021,01-06-2021,2,30-05-2021,01-04-2021
03-06-2021,03-06-2021,Thursday,2021,01-06-2021,2,30-05-2021,01-04-2021
04-06-2021,04-06-2021,Friday,2021,01-06-2021,2,30-05-2021,01-04-2021
05-06-2021,05-06-2021,Saturday,2021,01-06-2021,2,30-05-2021,01-04-2021
06-06-2021,06-06-2021,Sunday,2021,01-06-2021,2,06-06-2021,01-04-2021
07-06-2021,07-06-2021,Monday,2021,01-06-2021,2,06-06-2021,01-04-2021
08-06-2021,08-06-2021,Tuesday,2021,01-06-2021,2,06-06-2021,01-04-2021
09-06-2021,09-06-2021,Wednesday,2021,01-06-2021,2,06-06-2021,01-04-2021
10-06-2021,10-06-2021,Thursday,2021,01-06-2021,2,06-06-2021,01-04-2021
11-06-2021,11-06-2021,Friday,2021,01-06-2021,2,06-06-2021,01-04-2021
12-06-2021,12-06-2021,Saturday,2021,01-06-2021,2,06-06-2021,01-04-2021
13-06-2021,13-06-2021,Sunday,2021,01-06-2021,2,13-06-2021,01-04-2021
14-06-2021,14-06-2021,Monday,2021,01-06-2021,2,13-06-2021,01-04-2021
15-06-2021,15-06-2021,Tuesday,2021,01-06-2021,2,13-06-2021,01-04-2021
16-06-2021,16-06-2021,Wednesday,2021,01-06-2021,2,13-06-2021,01-04-2021
17-06-2021,17-06-2021,Thursday,2021,01-06-2021,2,13-06-2021,01-04-2021
18-06-2021,18-06-2021,Friday,2021,01-06-2021,2,13-06-2021,01-04-2021
19-06-2021,19-06-2021,Saturday,2021,01-06-2021,2,13-06-2021,01-04-2021
20-06-2021,20-06-2021,Sunday,2021,01-06-2021,2,20-06-2021,01-04-2021
21-06-2021,21-06-2021,Monday,2021,01-06-2021,2,20-06-2021,01-04-2021
22-06-2021,22-06-2021,Tuesday,2021,01-06-2021,2,20-06-2021,01-04-2021
23-06-2021,23-06-2021,Wednesday,2021,01-06-2021,2,20-06-2021,01-04-2021
24-06-2021,24-06-2021,Thursday,2021,01-06-2021,2,20-06-2021,01-04-2021
25-06-2021,25-06-2021,Friday,2021,01-06-2021,2,20-06-2021,01-04-2021
26-06-2021,26-06-2021,Saturday,2021,01-06-2021,2,20-06-2021,01-04-2021
27-06-2021,27-06-2021,Sunday,2021,01-06-2021,2,27-06-2021,01-04-2021
28-06-2021,28-06-2021,Monday,2021,01-06-2021,2,27-06-2021,01-04-2021
29-06-2021,29-06-2021,Tuesday,2021,01-06-2021,2,27-06-2021,01-04-2021
30-06-2021,30-06-2021,Wednesday,2021,01-06-2021,2,27-06-2021,01-04-2021
01-07-2021,01-07-2021,Thursday,2021,01-07-2021,3,27-06-2021,01-07-2021
02-07-2021,02-07-2021,Friday,2021,01-07-2021,3,27-06-2021,01-07-2021
03-07-2021,03-07-2021,Saturday,2021,01-07-2021,3,27-06-2021,01-07-2021
04-07-2021,04-07-2021,Sunday,2021,01-07-2021,3,04-07-2021,01-07-2021
05-07-2021,05-07-2021,Monday,2021,01-07-2021,3,04-07-2021,01-07-2021
06-07-2021,06-07-2021,Tuesday,2021,01-07-2021,3,04-07-2021,01-07-2021
07-07-2021,07-07-2021,Wednesday,2021,01-07-2021,3,04-07-2021,01-07-2021
08-07-2021,08-07-2021,Thursday,2021,01-07-2021,3,04-07-2021,01-07-2021
09-07-2021,09-07-2021,Friday,2021,01-07-2021,3,04-07-2021,01-07-2021
10-07-2021,10-07-2021,Saturday,2021,01-07-2021,3,04-07-2021,01-07-2021
11-07-2021,11-07-2021,Sunday,2021,01-07-2021,3,11-07-2021,01-07-2021
12-07-2021,12-07-2021,Monday,2021,01-07-2021,3,11-07-2021,01-07-2021
13-07-2021,13-07-2021,Tuesday,2021,01-07-2021,3,11-07-2021,01-07-2021
14-07-2021,14-07-2021,Wednesday,2021,01-07-2021,3,11-07-2021,01-07-2021
15-07-2021,15-07-2021,Thursday,2021,01-07-2021,3,11-07-2021,01-07-2021
16-07-2021,16-07-2021,Friday,2021,01-07-2021,3,11-07-2021,01-07-2021
17-07-2021,17-07-2021,Saturday,2021,01-07-2021,3,11-07-2021,01-07-2021
18-07-2021,18-07-2021,Sunday,2021,01-07-2021,3,18-07-2021,01-07-2021
19-07-2021,19-07-2021,Monday,2021,01-07-2021,3,18-07-2021,01-07-2021
20-07-2021,20-07-2021,Tuesday,2021,01-07-2021,3,18-07-2021,01-07-2021
21-07-2021,21-07-2021,Wednesday,2021,01-07-2021,3,18-07-2021,01-07-2021
22-07-2021,22-07-2021,Thursday,2021,01-07-2021,3,18-07-2021,01-07-2021
23-07-2021,23-07-2021,Friday,2021,01-07-2021,3,18-07-2021,01-07-2021
24-07-2021,24-07-2021,Saturday,2021,01-07-2021,3,18-07-2021,01-07-2021
25-07-2021,25-07-2021,Sunday,2021,01-07-2021,3,25-07-2021,01-07-2021
26-07-2021,26-07-2021,Monday,2021,01-07-2021,3,25-07-2021,01-07-2021
27-07-2021,27-07-2021,Tuesday,2021,01-07-2021,3,25-07-2021,01-07-2021
28-07-2021,28-07-2021,Wednesday,2021,01-07-2021,3,25-07-2021,01-07-2021
29-07-2021,29-07-2021,Thursday,2021,01-07-2021,3,25-07-2021,01-07-2021
30-07-2021,30-07-2021,Friday,2021,01-07-2021,3,25-07-2021,01-07-2021
31-07-2021,31-07-2021,Saturday,2021,01-07-2021,3,25-07-2021,01-07-2021
01-08-2021,01-08-2021,Sunday,2021,01-08-2021,3,01-08-2021,01-07-2021
02-08-2021,02-08-2021,Monday,2021,01-08-2021,3,01-08-2021,01-07-2021
03-08-2021,03-08-2021,Tuesday,2021,01-08-2021,3,01-08-2021,01-07-2021
04-08-2021,04-08-2021,Wednesday,2021,01-08-2021,3,01-08-2021,01-07-2021
05-08-2021,05-08-2021,Thursday,2021,01-08-2021,3,01-08-2021,01-07-2021
06-08-2021,06-08-2021,Friday,2021,01-08-2021,3,01-08-2021,01-07-2021
07-08-2021,07-08-2021,Saturday,2021,01-08-2021,3,01-08-2021,01-07-2021
08-08-2021,08-08-2021,Sunday,2021,01-08-2021,3,08-08-2021,01-07-2021
09-08-2021,09-08-2021,Monday,2021,01-08-2021,3,08-08-2021,01-07-2021
10-08-2021,10-08-2021,Tuesday,2021,01-08-2021,3,08-08-2021,01-07-2021
11-08-2021,11-08-2021,Wednesday,2021,01-08-2021,3,08-08-2021,01-07-2021
12-08-2021,12-08-2021,Thursday,2021,01-08-2021,3,08-08-2021,01-07-2021
13-08-2021,13-08-2021,Friday,2021,01-08-2021,3,08-08-2021,01-07-2021
14-08-2021,14-08-2021,Saturday,2021,01-08-2021,3,08-08-2021,01-07-2021
15-08-2021,15-08-2021,Sunday,2021,01-08-2021,3,15-08-2021,01-07-2021
16-08-2021,16-08-2021,Monday,2021,01-08-2021,3,15-08-2021,01-07-2021
17-08-2021,17-08-2021,Tuesday,2021,01-08-2021,3,15-08-2021,01-07-2021
18-08-2021,18-08-2021,Wednesday,2021,01-08-2021,3,15-08-2021,01-07-2021
19-08-2021,19-08-2021,Thursday,2021,01-08-2021,3,15-08-2021,01-07-2021
20-08-2021,20-08-2021,Friday,2021,01-08-2021,3,15-08-2021,01-07-2021
21-08-2021,21-08-2021,Saturday,2021,01-08-2021,3,15-08-2021,01-07-2021
22-08-2021,22-08-2021,Sunday,2021,01-08-2021,3,22-08-2021,01-07-2021
23-08-2021,23-08-2021,Monday,2021,01-08-2021,3,22-08-2021,01-07-2021
24-08-2021,24-08-2021,Tuesday,2021,01-08-2021,3,22-08-2021,01-07-2021
25-08-2021,25-08-2021,Wednesday,2021,01-08-2021,3,22-08-2021,01-07-2021
26-08-2021,26-08-2021,Thursday,2021,01-08-2021,3,22-08-2021,01-07-2021
27-08-2021,27-08-2021,Friday,2021,01-08-2021,3,22-08-2021,01-07-2021
28-08-2021,28-08-2021,Saturday,2021,01-08-2021,3,22-08-2021,01-07-2021
29-08-2021,29-08-2021,Sunday,2021,01-08-2021,3,29-08-2021,01-07-2021
30-08-2021,30-08-2021,Monday,2021,01-08-2021,3,29-08-2021,01-07-2021
31-08-2021,31-08-2021,Tuesday,2021,01-08-2021,3,29-08-2021,01-07-2021
01-09-2021,01-09-2021,Wednesday,2021,01-09-2021,3,29-08-2021,01-07-2021
02-09-2021,02-09-2021,Thursday,2021,01-09-2021,3,29-08-2021,01-07-2021
03-09-2021,03-09-2021,Friday,2021,01-09-2021,3,29-08-2021,01-07-2021
04-09-2021,04-09-2021,Saturday,2021,01-09-2021,3,29-08-2021,01-07-2021
05-09-2021,05-09-2021,Sunday,2021,01-09-2021,3,05-09-2021,01-07-2021
06-09-2021,06-09-2021,Monday,2021,01-09-2021,3,05-09-2021,01-07-2021
07-09-2021,07-09-2021,Tuesday,2021,01-09-2021,3,05-09-2021,01-07-2021
08-09-2021,08-09-2021,Wednesday,2021,01-09-2021,3,05-09-2021,01-07-2021
09-09-2021,09-09-2021,Thursday,2021,01-09-2021,3,05-09-2021,01-07-2021
10-09-2021,10-09-2021,Friday,2021,01-09-2021,3,05-09-2021,01-07-2021
11-09-2021,11-09-2021,Saturday,2021,01-09-2021,3,05-09-2021,01-07-2021
12-09-2021,12-09-2021,Sunday,2021,01-09-2021,3,12-09-2021,01-07-2021
13-09-2021,13-09-2021,Monday,2021,01-09-2021,3,12-09-2021,01-07-2021
14-09-2021,14-09-2021,Tuesday,2021,01-09-2021,3,12-09-2021,01-07-2021
15-09-2021,15-09-2021,Wednesday,2021,01-09-2021,3,12-09-2021,01-07-2021
16-09-2021,16-09-2021,Thursday,2021,01-09-2021,3,12-09-2021,01-07-2021
17-09-2021,17-09-2021,Friday,2021,01-09-2021,3,12-09-2021,01-07-2021
18-09-2021,18-09-2021,Saturday,2021,01-09-2021,3,12-09-2021,01-07-2021
19-09-2021,19-09-2021,Sunday,2021,01-09-2021,3,19-09-2021,01-07-2021
20-09-2021,20-09-2021,Monday,2021,01-09-2021,3,19-09-2021,01-07-2021
21-09-2021,21-09-2021,Tuesday,2021,01-09-2021,3,19-09-2021,01-07-2021
22-09-2021,22-09-2021,Wednesday,2021,01-09-2021,3,19-09-2021,01-07-2021
23-09-2021,23-09-2021,Thursday,2021,01-09-2021,3,19-09-2021,01-07-2021
24-09-2021,24-09-2021,Friday,2021,01-09-2021,3,19-09-2021,01-07-2021
25-09-2021,25-09-2021,Saturday,2021,01-09-2021,3,19-09-2021,01-07-2021
26-09-2021,26-09-2021,Sunday,2021,01-09-2021,3,26-09-2021,01-07-2021
27-09-2021,27-09-2021,Monday,2021,01-09-2021,3,26-09-2021,01-07-2021
28-09-2021,28-09-2021,Tuesday,2021,01-09-2021,3,26-09-2021,01-07-2021
29-09-2021,29-09-2021,Wednesday,2021,01-09-2021,3,26-09-2021,01-07-2021
30-09-2021,30-09-2021,Thursday,2021,01-09-2021,3,26-09-2021,01-07-2021
01-10-2021,01-10-2021,Friday,2021,01-10-2021,4,26-09-2021,01-10-2021
02-10-2021,02-10-2021,Saturday,2021,01-10-2021,4,26-09-2021,01-10-2021
03-10-2021,03-10-2021,Sunday,2021,01-10-2021,4,03-10-2021,01-10-2021
04-10-2021,04-10-2021,Monday,2021,01-10-2021,4,03-10-2021,01-10-2021
05-10-2021,05-10-2021,Tuesday,2021,01-10-2021,4,03-10-2021,01-10-2021
06-10-2021,06-10-2021,Wednesday,2021,01-10-2021,4,03-10-2021,01-10-2021
07-10-2021,07-10-2021,Thursday,2021,01-10-2021,4,03-10-2021,01-10-2021
08-10-2021,08-10-2021,Friday,2021,01-10-2021,4,03-10-2021,01-10-2021
09-10-2021,09-10-2021,Saturday,2021,01-10-2021,4,03-10-2021,01-10-2021
10-10-2021,10-10-2021,Sunday,2021,01-10-2021,4,10-10-2021,01-10-2021
11-10-2021,11-10-2021,Monday,2021,01-10-2021,4,10-10-2021,01-10-2021
12-10-2021,12-10-2021,Tuesday,2021,01-10-2021,4,10-10-2021,01-10-2021
13-10-2021,13-10-2021,Wednesday,2021,01-10-2021,4,10-10-2021,01-10-2021
14-10-2021,14-10-2021,Thursday,2021,01-10-2021,4,10-10-2021,01-10-2021
15-10-2021,15-10-2021,Friday,2021,01-10-2021,4,10-10-2021,01-10-2021
16-10-2021,16-10-2021,Saturday,2021,01-10-2021,4,10-10-2021,01-10-2021
17-10-2021,17-10-2021,Sunday,2021,01-10-2021,4,17-10-2021,01-10-2021
18-10-2021,18-10-2021,Monday,2021,01-10-2021,4,17-10-2021,01-10-2021
19-10-2021,19-10-2021,Tuesday,2021,01-10-2021,4,17-10-2021,01-10-2021
20-10-2021,20-10-2021,Wednesday,2021,01-10-2021,4,17-10-2021,01-10-2021
21-10-2021,21-10-2021,Thursday,2021,01-10-2021,4,17-10-2021,01-10-2021
22-10-2021,22-10-2021,Friday,2021,01-10-2021,4,17-10-2021,01-10-2021
23-10-2021,23-10-2021,Saturday,2021,01-10-2021,4,17-10-2021,01-10-2021
24-10-2021,24-10-2021,Sunday,2021,01-10-2021,4,24-10-2021,01-10-2021
25-10-2021,25-10-2021,Monday,2021,01-10-2021,4,24-10-2021,01-10-2021
26-10-2021,26-10-2021,Tuesday,2021,01-10-2021,4,24-10-2021,01-10-2021
27-10-2021,27-10-2021,Wednesday,2021,01-10-2021,4,24-10-2021,01-10-2021
28-10-2021,28-10-2021,Thursday,2021,01-10-2021,4,24-10-2021,01-10-2021
29-10-2021,29-10-2021,Friday,2021,01-10-2021,4,24-10-2021,01-10-2021
30-10-2021,30-10-2021,Saturday,2021,01-10-2021,4,24-10-2021,01-10-2021
31-10-2021,31-10-2021,Sunday,2021,01-10-2021,4,31-10-2021,01-10-2021
01-11-2021,01-11-2021,Monday,2021,01-11-2021,4,31-10-2021,01-10-2021
02-11-2021,02-11-2021,Tuesday,2021,01-11-2021,4,31-10-2021,01-10-2021
03-11-2021,03-11-2021,Wednesday,2021,01-11-2021,4,31-10-2021,01-10-2021
04-11-2021,04-11-2021,Thursday,2021,01-11-2021,4,31-10-2021,01-10-2021
05-11-2021,05-11-2021,Friday,2021,01-11-2021,4,31-10-2021,01-10-2021
06-11-2021,06-11-2021,Saturday,2021,01-11-2021,4,31-10-2021,01-10-2021
07-11-2021,07-11-2021,Sunday,2021,01-11-2021,4,07-11-2021,01-10-2021
08-11-2021,08-11-2021,Monday,2021,01-11-2021,4,07-11-2021,01-10-2021
09-11-2021,09-11-2021,Tuesday,2021,01-11-2021,4,07-11-2021,01-10-2021
10-11-2021,10-11-2021,Wednesday,2021,01-11-2021,4,07-11-2021,01-10-2021
11-11-2021,11-11-2021,Thursday,2021,01-11-2021,4,07-11-2021,01-10-2021
12-11-2021,12-11-2021,Friday,2021,01-11-2021,4,07-11-2021,01-10-2021
13-11-2021,13-11-2021,Saturday,2021,01-11-2021,4,07-11-2021,01-10-2021
14-11-2021,14-11-2021,Sunday,2021,01-11-2021,4,14-11-2021,01-10-2021
15-11-2021,15-11-2021,Monday,2021,01-11-2021,4,14-11-2021,01-10-2021
16-11-2021,16-11-2021,Tuesday,2021,01-11-2021,4,14-11-2021,01-10-2021
17-11-2021,17-11-2021,Wednesday,2021,01-11-2021,4,14-11-2021,01-10-2021
18-11-2021,18-11-2021,Thursday,2021,01-11-2021,4,14-11-2021,01-10-2021
19-11-2021,19-11-2021,Friday,2021,01-11-2021,4,14-11-2021,01-10-2021
20-11-2021,20-11-2021,Saturday,2021,01-11-2021,4,14-11-2021,01-10-2021
21-11-2021,21-11-2021,Sunday,2021,01-11-2021,4,21-11-2021,01-10-2021
22-11-2021,22-11-2021,Monday,2021,01-11-2021,4,21-11-2021,01-10-2021
23-11-2021,23-11-2021,Tuesday,2021,01-11-2021,4,21-11-2021,01-10-2021
24-11-2021,24-11-2021,Wednesday,2021,01-11-2021,4,21-11-2021,01-10-2021
25-11-2021,25-11-2021,Thursday,2021,01-11-2021,4,21-11-2021,01-10-2021
26-11-2021,26-11-2021,Friday,2021,01-11-2021,4,21-11-2021,01-10-2021
27-11-2021,27-11-2021,Saturday,2021,01-11-2021,4,21-11-2021,01-10-2021
28-11-2021,28-11-2021,Sunday,2021,01-11-2021,4,28-11-2021,01-10-2021
29-11-2021,29-11-2021,Monday,2021,01-11-2021,4,28-11-2021,01-10-2021
30-11-2021,30-11-2021,Tuesday,2021,01-11-2021,4,28-11-2021,01-10-2021
01-12-2021,01-12-2021,Wednesday,2021,01-12-2021,4,28-11-2021,01-10-2021
02-12-2021,02-12-2021,Thursday,2021,01-12-2021,4,28-11-2021,01-10-2021
03-12-2021,03-12-2021,Friday,2021,01-12-2021,4,28-11-2021,01-10-2021
04-12-2021,04-12-2021,Saturday,2021,01-12-2021,4,28-11-2021,01-10-2021
05-12-2021,05-12-2021,Sunday,2021,01-12-2021,4,05-12-2021,01-10-2021
06-12-2021,06-12-2021,Monday,2021,01-12-2021,4,05-12-2021,01-10-2021
07-12-2021,07-12-2021,Tuesday,2021,01-12-2021,4,05-12-2021,01-10-2021
08-12-2021,08-12-2021,Wednesday,2021,01-12-2021,4,05-12-2021,01-10-2021
09-12-2021,09-12-2021,Thursday,2021,01-12-2021,4,05-12-2021,01-10-2021
10-12-2021,10-12-2021,Friday,2021,01-12-2021,4,05-12-2021,01-10-2021
11-12-2021,11-12-2021,Saturday,2021,01-12-2021,4,05-12-2021,01-10-2021
12-12-2021,12-12-2021,Sunday,2021,01-12-2021,4,12-12-2021,01-10-2021
13-12-2021,13-12-2021,Monday,2021,01-12-2021,4,12-12-2021,01-10-2021
14-12-2021,14-12-2021,Tuesday,2021,01-12-2021,4,12-12-2021,01-10-2021
15-12-2021,15-12-2021,Wednesday,2021,01-12-2021,4,12-12-2021,01-10-2021
16-12-2021,16-12-2021,Thursday,2021,01-12-2021,4,12-12-2021,01-10-2021
17-12-2021,17-12-2021,Friday,2021,01-12-2021,4,12-12-2021,01-10-2021
18-12-2021,18-12-2021,Saturday,2021,01-12-2021,4,12-12-2021,01-10-2021
19-12-2021,19-12-2021,Sunday,2021,01-12-2021,4,19-12-2021,01-10-2021
20-12-2021,20-12-2021,Monday,2021,01-12-2021,4,19-12-2021,01-10-2021
21-12-2021,21-12-2021,Tuesday,2021,01-12-2021,4,19-12-2021,01-10-2021
22-12-2021,22-12-2021,Wednesday,2021,01-12-2021,4,19-12-2021,01-10-2021
23-12-2021,23-12-2021,Thursday,2021,01-12-2021,4,19-12-2021,01-10-2021
24-12-2021,24-12-2021,Friday,2021,01-12-2021,4,19-12-2021,01-10-2021
25-12-2021,25-12-2021,Saturday,2021,01-12-2021,4,19-12-2021,01-10-2021
26-12-2021,26-12-2021,Sunday,2021,01-12-2021,4,26-12-2021,01-10-2021
27-12-2021,27-12-2021,Monday,2021,01-12-2021,4,26-12-2021,01-10-2021
28-12-2021,28-12-2021,Tuesday,2021,01-12-2021,4,26-12-2021,01-10-2021
29-12-2021,29-12-2021,Wednesday,2021,01-12-2021,4,26-12-2021,01-10-2021
30-12-2021,30-12-2021,Thursday,2021,01-12-2021,4,26-12-2021,01-10-2021
31-12-2021,31-12-2021,Friday,2021,01-12-2021,4,26-12-2021,01-10-2021
01-01-2022,01-01-2022,Saturday,2022,01-01-2022,1,26-12-2021,01-01-2022
02-01-2022,02-01-2022,Sunday,2022,01-01-2022,1,02-01-2022,01-01-2022
03-01-2022,03-01-2022,Monday,2022,01-01-2022,1,02-01-2022,01-01-2022
04-01-2022,04-01-2022,Tuesday,2022,01-01-2022,1,02-01-2022,01-01-2022
05-01-2022,05-01-2022,Wednesday,2022,01-01-2022,1,02-01-2022,01-01-2022
06-01-2022,06-01-2022,Thursday,2022,01-01-2022,1,02-01-2022,01-01-2022
07-01-2022,07-01-2022,Friday,2022,01-01-2022,1,02-01-2022,01-01-2022
08-01-2022,08-01-2022,Saturday,2022,01-01-2022,1,02-01-2022,01-01-2022
09-01-2022,09-01-2022,Sunday,2022,01-01-2022,1,09-01-2022,01-01-2022
10-01-2022,10-01-2022,Monday,2022,01-01-2022,1,09-01-2022,01-01-2022
11-01-2022,11-01-2022,Tuesday,2022,01-01-2022,1,09-01-2022,01-01-2022
12-01-2022,12-01-2022,Wednesday,2022,01-01-2022,1,09-01-2022,01-01-2022
13-01-2022,13-01-2022,Thursday,2022,01-01-2022,1,09-01-2022,01-01-2022
14-01-2022,14-01-2022,Friday,2022,01-01-2022,1,09-01-2022,01-01-2022
15-01-2022,15-01-2022,Saturday,2022,01-01-2022,1,09-01-2022,01-01-2022
16-01-2022,16-01-2022,Sunday,2022,01-01-2022,1,16-01-2022,01-01-2022
17-01-2022,17-01-2022,Monday,2022,01-01-2022,1,16-01-2022,01-01-2022
18-01-2022,18-01-2022,Tuesday,2022,01-01-2022,1,16-01-2022,01-01-2022
19-01-2022,19-01-2022,Wednesday,2022,01-01-2022,1,16-01-2022,01-01-2022
20-01-2022,20-01-2022,Thursday,2022,01-01-2022,1,16-01-2022,01-01-2022
21-01-2022,21-01-2022,Friday,2022,01-01-2022,1,16-01-2022,01-01-2022
22-01-2022,22-01-2022,Saturday,2022,01-01-2022,1,16-01-2022,01-01-2022
23-01-2022,23-01-2022,Sunday,2022,01-01-2022,1,23-01-2022,01-01-2022
24-01-2022,24-01-2022,Monday,2022,01-01-2022,1,23-01-2022,01-01-2022
25-01-2022,25-01-2022,Tuesday,2022,01-01-2022,1,23-01-2022,01-01-2022
26-01-2022,26-01-2022,Wednesday,2022,01-01-2022,1,23-01-2022,01-01-2022
27-01-2022,27-01-2022,Thursday,2022,01-01-2022,1,23-01-2022,01-01-2022
28-01-2022,28-01-2022,Friday,2022,01-01-2022,1,23-01-2022,01-01-2022
29-01-2022,29-01-2022,Saturday,2022,01-01-2022,1,23-01-2022,01-01-2022
30-01-2022,30-01-2022,Sunday,2022,01-01-2022,1,30-01-2022,01-01-2022
31-01-2022,31-01-2022,Monday,2022,01-01-2022,1,30-01-2022,01-01-2022
01-02-2022,01-02-2022,Tuesday,2022,01-02-2022,1,30-01-2022,01-01-2022
02-02-2022,02-02-2022,Wednesday,2022,01-02-2022,1,30-01-2022,01-01-2022
03-02-2022,03-02-2022,Thursday,2022,01-02-2022,1,30-01-2022,01-01-2022
04-02-2022,04-02-2022,Friday,2022,01-02-2022,1,30-01-2022,01-01-2022
05-02-2022,05-02-2022,Saturday,2022,01-02-2022,1,30-01-2022,01-01-2022
06-02-2022,06-02-2022,Sunday,2022,01-02-2022,1,06-02-2022,01-01-2022
07-02-2022,07-02-2022,Monday,2022,01-02-2022,1,06-02-2022,01-01-2022
08-02-2022,08-02-2022,Tuesday,2022,01-02-2022,1,06-02-2022,01-01-2022
09-02-2022,09-02-2022,Wednesday,2022,01-02-2022,1,06-02-2022,01-01-2022
10-02-2022,10-02-2022,Thursday,2022,01-02-2022,1,06-02-2022,01-01-2022
11-02-2022,11-02-2022,Friday,2022,01-02-2022,1,06-02-2022,01-01-2022
12-02-2022,12-02-2022,Saturday,2022,01-02-2022,1,06-02-2022,01-01-2022
13-02-2022,13-02-2022,Sunday,2022,01-02-2022,1,13-02-2022,01-01-2022
14-02-2022,14-02-2022,Monday,2022,01-02-2022,1,13-02-2022,01-01-2022
15-02-2022,15-02-2022,Tuesday,2022,01-02-2022,1,13-02-2022,01-01-2022
16-02-2022,16-02-2022,Wednesday,2022,01-02-2022,1,13-02-2022,01-01-2022
17-02-2022,17-02-2022,Thursday,2022,01-02-2022,1,13-02-2022,01-01-2022
18-02-2022,18-02-2022,Friday,2022,01-02-2022,1,13-02-2022,01-01-2022
19-02-2022,19-02-2022,Saturday,2022,01-02-2022,1,13-02-2022,01-01-2022
20-02-2022,20-02-2022,Sunday,2022,01-02-2022,1,20-02-2022,01-01-2022
21-02-2022,21-02-2022,Monday,2022,01-02-2022,1,20-02-2022,01-01-2022
22-02-2022,22-02-2022,Tuesday,2022,01-02-2022,1,20-02-2022,01-01-2022
23-02-2022,23-02-2022,Wednesday,2022,01-02-2022,1,20-02-2022,01-01-2022
24-02-2022,24-02-2022,Thursday,2022,01-02-2022,1,20-02-2022,01-01-2022
25-02-2022,25-02-2022,Friday,2022,01-02-2022,1,20-02-2022,01-01-2022
26-02-2022,26-02-2022,Saturday,2022,01-02-2022,1,20-02-2022,01-01-2022
27-02-2022,27-02-2022,Sunday,2022,01-02-2022,1,27-02-2022,01-01-2022
28-02-2022,28-02-2022,Monday,2022,01-02-2022,1,27-02-2022,01-01-2022
01-03-2022,01-03-2022,Tuesday,2022,01-03-2022,1,27-02-2022,01-01-2022
02-03-2022,02-03-2022,Wednesday,2022,01-03-2022,1,27-02-2022,01-01-2022
03-03-2022,03-03-2022,Thursday,2022,01-03-2022,1,27-02-2022,01-01-2022
04-03-2022,04-03-2022,Friday,2022,01-03-2022,1,27-02-2022,01-01-2022
05-03-2022,05-03-2022,Saturday,2022,01-03-2022,1,27-02-2022,01-01-2022
06-03-2022,06-03-2022,Sunday,2022,01-03-2022,1,06-03-2022,01-01-2022
07-03-2022,07-03-2022,Monday,2022,01-03-2022,1,06-03-2022,01-01-2022
08-03-2022,08-03-2022,Tuesday,2022,01-03-2022,1,06-03-2022,01-01-2022
09-03-2022,09-03-2022,Wednesday,2022,01-03-2022,1,06-03-2022,01-01-2022
10-03-2022,10-03-2022,Thursday,2022,01-03-2022,1,06-03-2022,01-01-2022
11-03-2022,11-03-2022,Friday,2022,01-03-2022,1,06-03-2022,01-01-2022
12-03-2022,12-03-2022,Saturday,2022,01-03-2022,1,06-03-2022,01-01-2022
13-03-2022,13-03-2022,Sunday,2022,01-03-2022,1,13-03-2022,01-01-2022
14-03-2022,14-03-2022,Monday,2022,01-03-2022,1,13-03-2022,01-01-2022
15-03-2022,15-03-2022,Tuesday,2022,01-03-2022,1,13-03-2022,01-01-2022
16-03-2022,16-03-2022,Wednesday,2022,01-03-2022,1,13-03-2022,01-01-2022
17-03-2022,17-03-2022,Thursday,2022,01-03-2022,1,13-03-2022,01-01-2022
18-03-2022,18-03-2022,Friday,2022,01-03-2022,1,13-03-2022,01-01-2022
19-03-2022,19-03-2022,Saturday,2022,01-03-2022,1,13-03-2022,01-01-2022
20-03-2022,20-03-2022,Sunday,2022,01-03-2022,1,20-03-2022,01-01-2022
21-03-2022,21-03-2022,Monday,2022,01-03-2022,1,20-03-2022,01-01-2022
22-03-2022,22-03-2022,Tuesday,2022,01-03-2022,1,20-03-2022,01-01-2022
23-03-2022,23-03-2022,Wednesday,2022,01-03-2022,1,20-03-2022,01-01-2022
24-03-2022,24-03-2022,Thursday,2022,01-03-2022,1,20-03-2022,01-01-2022
25-03-2022,25-03-2022,Friday,2022,01-03-2022,1,20-03-2022,01-01-2022
26-03-2022,26-03-2022,Saturday,2022,01-03-2022,1,20-03-2022,01-01-2022
27-03-2022,27-03-2022,Sunday,2022,01-03-2022,1,27-03-2022,01-01-2022
28-03-2022,28-03-2022,Monday,2022,01-03-2022,1,27-03-2022,01-01-2022
29-03-2022,29-03-2022,Tuesday,2022,01-03-2022,1,27-03-2022,01-01-2022
30-03-2022,30-03-2022,Wednesday,2022,01-03-2022,1,27-03-2022,01-01-2022
31-03-2022,31-03-2022,Thursday,2022,01-03-2022,1,27-03-2022,01-01-2022
01-04-2022,01-04-2022,Friday,2022,01-04-2022,2,27-03-2022,01-04-2022
02-04-2022,02-04-2022,Saturday,2022,01-04-2022,2,27-03-2022,01-04-2022
03-04-2022,03-04-2022,Sunday,2022,01-04-2022,2,03-04-2022,01-04-2022
04-04-2022,04-04-2022,Monday,2022,01-04-2022,2,03-04-2022,01-04-2022
05-04-2022,05-04-2022,Tuesday,2022,01-04-2022,2,03-04-2022,01-04-2022
06-04-2022,06-04-2022,Wednesday,2022,01-04-2022,2,03-04-2022,01-04-2022
07-04-2022,07-04-2022,Thursday,2022,01-04-2022,2,03-04-2022,01-04-2022
08-04-2022,08-04-2022,Friday,2022,01-04-2022,2,03-04-2022,01-04-2022
09-04-2022,09-04-2022,Saturday,2022,01-04-2022,2,03-04-2022,01-04-2022
10-04-2022,10-04-2022,Sunday,2022,01-04-2022,2,10-04-2022,01-04-2022
11-04-2022,11-04-2022,Monday,2022,01-04-2022,2,10-04-2022,01-04-2022
12-04-2022,12-04-2022,Tuesday,2022,01-04-2022,2,10-04-2022,01-04-2022
13-04-2022,13-04-2022,Wednesday,2022,01-04-2022,2,10-04-2022,01-04-2022
14-04-2022,14-04-2022,Thursday,2022,01-04-2022,2,10-04-2022,01-04-2022
15-04-2022,15-04-2022,Friday,2022,01-04-2022,2,10-04-2022,01-04-2022
16-04-2022,16-04-2022,Saturday,2022,01-04-2022,2,10-04-2022,01-04-2022
17-04-2022,17-04-2022,Sunday,2022,01-04-2022,2,17-04-2022,01-04-2022
18-04-2022,18-04-2022,Monday,2022,01-04-2022,2,17-04-2022,01-04-2022
19-04-2022,19-04-2022,Tuesday,2022,01-04-2022,2,17-04-2022,01-04-2022
20-04-2022,20-04-2022,Wednesday,2022,01-04-2022,2,17-04-2022,01-04-2022
21-04-2022,21-04-2022,Thursday,2022,01-04-2022,2,17-04-2022,01-04-2022
22-04-2022,22-04-2022,Friday,2022,01-04-2022,2,17-04-2022,01-04-2022
23-04-2022,23-04-2022,Saturday,2022,01-04-2022,2,17-04-2022,01-04-2022
24-04-2022,24-04-2022,Sunday,2022,01-04-2022,2,24-04-2022,01-04-2022
25-04-2022,25-04-2022,Monday,2022,01-04-2022,2,24-04-2022,01-04-2022
26-04-2022,26-04-2022,Tuesday,2022,01-04-2022,2,24-04-2022,01-04-2022
27-04-2022,27-04-2022,Wednesday,2022,01-04-2022,2,24-04-2022,01-04-2022
28-04-2022,28-04-2022,Thursday,2022,01-04-2022,2,24-04-2022,01-04-2022
29-04-2022,29-04-2022,Friday,2022,01-04-2022,2,24-04-2022,01-04-2022
30-04-2022,30-04-2022,Saturday,2022,01-04-2022,2,24-04-2022,01-04-2022
01-05-2022,01-05-2022,Sunday,2022,01-05-2022,2,01-05-2022,01-04-2022
02-05-2022,02-05-2022,Monday,2022,01-05-2022,2,01-05-2022,01-04-2022
03-05-2022,03-05-2022,Tuesday,2022,01-05-2022,2,01-05-2022,01-04-2022
04-05-2022,04-05-2022,Wednesday,2022,01-05-2022,2,01-05-2022,01-04-2022
05-05-2022,05-05-2022,Thursday,2022,01-05-2022,2,01-05-2022,01-04-2022
06-05-2022,06-05-2022,Friday,2022,01-05-2022,2,01-05-2022,01-04-2022
07-05-2022,07-05-2022,Saturday,2022,01-05-2022,2,01-05-2022,01-04-2022
08-05-2022,08-05-2022,Sunday,2022,01-05-2022,2,08-05-2022,01-04-2022
09-05-2022,09-05-2022,Monday,2022,01-05-2022,2,08-05-2022,01-04-2022
10-05-2022,10-05-2022,Tuesday,2022,01-05-2022,2,08-05-2022,01-04-2022
11-05-2022,11-05-2022,Wednesday,2022,01-05-2022,2,08-05-2022,01-04-2022
12-05-2022,12-05-2022,Thursday,2022,01-05-2022,2,08-05-2022,01-04-2022
13-05-2022,13-05-2022,Friday,2022,01-05-2022,2,08-05-2022,01-04-2022
14-05-2022,14-05-2022,Saturday,2022,01-05-2022,2,08-05-2022,01-04-2022
15-05-2022,15-05-2022,Sunday,2022,01-05-2022,2,15-05-2022,01-04-2022
16-05-2022,16-05-2022,Monday,2022,01-05-2022,2,15-05-2022,01-04-2022
17-05-2022,17-05-2022,Tuesday,2022,01-05-2022,2,15-05-2022,01-04-2022
18-05-2022,18-05-2022,Wednesday,2022,01-05-2022,2,15-05-2022,01-04-2022
19-05-2022,19-05-2022,Thursday,2022,01-05-2022,2,15-05-2022,01-04-2022
20-05-2022,20-05-2022,Friday,2022,01-05-2022,2,15-05-2022,01-04-2022
21-05-2022,21-05-2022,Saturday,2022,01-05-2022,2,15-05-2022,01-04-2022
22-05-2022,22-05-2022,Sunday,2022,01-05-2022,2,22-05-2022,01-04-2022
23-05-2022,23-05-2022,Monday,2022,01-05-2022,2,22-05-2022,01-04-2022
24-05-2022,24-05-2022,Tuesday,2022,01-05-2022,2,22-05-2022,01-04-2022
25-05-2022,25-05-2022,Wednesday,2022,01-05-2022,2,22-05-2022,01-04-2022
26-05-2022,26-05-2022,Thursday,2022,01-05-2022,2,22-05-2022,01-04-2022
27-05-2022,27-05-2022,Friday,2022,01-05-2022,2,22-05-2022,01-04-2022
28-05-2022,28-05-2022,Saturday,2022,01-05-2022,2,22-05-2022,01-04-2022
29-05-2022,29-05-2022,Sunday,2022,01-05-2022,2,29-05-2022,01-04-2022
30-05-2022,30-05-2022,Monday,2022,01-05-2022,2,29-05-2022,01-04-2022
31-05-2022,31-05-2022,Tuesday,2022,01-05-2022,2,29-05-2022,01-04-2022
01-06-2022,01-06-2022,Wednesday,2022,01-06-2022,2,29-05-2022,01-04-2022
02-06-2022,02-06-2022,Thursday,2022,01-06-2022,2,29-05-2022,01-04-2022
03-06-2022,03-06-2022,Friday,2022,01-06-2022,2,29-05-2022,01-04-2022
04-06-2022,04-06-2022,Saturday,2022,01-06-2022,2,29-05-2022,01-04-2022
05-06-2022,05-06-2022,Sunday,2022,01-06-2022,2,05-06-2022,01-04-2022
06-06-2022,06-06-2022,Monday,2022,01-06-2022,2,05-06-2022,01-04-2022
07-06-2022,07-06-2022,Tuesday,2022,01-06-2022,2,05-06-2022,01-04-2022
08-06-2022,08-06-2022,Wednesday,2022,01-06-2022,2,05-06-2022,01-04-2022
09-06-2022,09-06-2022,Thursday,2022,01-06-2022,2,05-06-2022,01-04-2022
10-06-2022,10-06-2022,Friday,2022,01-06-2022,2,05-06-2022,01-04-2022
11-06-2022,11-06-2022,Saturday,2022,01-06-2022,2,05-06-2022,01-04-2022
12-06-2022,12-06-2022,Sunday,2022,01-06-2022,2,12-06-2022,01-04-2022
13-06-2022,13-06-2022,Monday,2022,01-06-2022,2,12-06-2022,01-04-2022
14-06-2022,14-06-2022,Tuesday,2022,01-06-2022,2,12-06-2022,01-04-2022
15-06-2022,15-06-2022,Wednesday,2022,01-06-2022,2,12-06-2022,01-04-2022
16-06-2022,16-06-2022,Thursday,2022,01-06-2022,2,12-06-2022,01-04-2022
17-06-2022,17-06-2022,Friday,2022,01-06-2022,2,12-06-2022,01-04-2022
18-06-2022,18-06-2022,Saturday,2022,01-06-2022,2,12-06-2022,01-04-2022
19-06-2022,19-06-2022,Sunday,2022,01-06-2022,2,19-06-2022,01-04-2022
20-06-2022,20-06-2022,Monday,2022,01-06-2022,2,19-06-2022,01-04-2022
21-06-2022,21-06-2022,Tuesday,2022,01-06-2022,2,19-06-2022,01-04-2022
22-06-2022,22-06-2022,Wednesday,2022,01-06-2022,2,19-06-2022,01-04-2022
23-06-2022,23-06-2022,Thursday,2022,01-06-2022,2,19-06-2022,01-04-2022
24-06-2022,24-06-2022,Friday,2022,01-06-2022,2,19-06-2022,01-04-2022
25-06-2022,25-06-2022,Saturday,2022,01-06-2022,2,19-06-2022,01-04-2022
26-06-2022,26-06-2022,Sunday,2022,01-06-2022,2,26-06-2022,01-04-2022
27-06-2022,27-06-2022,Monday,2022,01-06-2022,2,26-06-2022,01-04-2022
28-06-2022,28-06-2022,Tuesday,2022,01-06-2022,2,26-06-2022,01-04-2022
29-06-2022,29-06-2022,Wednesday,2022,01-06-2022,2,26-06-2022,01-04-2022
30-06-2022,30-06-2022,Thursday,2022,01-06-2022,2,26-06-2022,01-04-2022
